授業コード,講義名,種別,対象コース,担当教員,コマ数,推定受講者数,開講期,特定使用教室,連続数
0013,lecture_0013,選択,A,"professor_F,田中,横山",1,70,1,,
0014,lecture_0014,選択,AS,"七尾,天海,矢吹,青羽",1,70,3,,
0015,lecture_0015,必須,"P,A,F","真壁,双海,Stewart,teacher_L",1,70,1,,
0016,lecture_0016,選択,"F,AS,P,A","田中,周防,teacher_H",1,300,1,,
0022,lecture_0022,必須,AS,"矢吹,春日,高木",1,80,1,E号館_007,
0023,lecture_0023,必須,P,"teacher_L,黒井,野々原",1,70,1,,
0029,lecture_0029,選択,A,"黒井,望月",1,70,1,,
0030,lecture_0030,選択,P,"大神,天海,高木,豊川",1,70,1,,
0032,lecture_0032,必須,"AS,F,A,P",真壁,1,80,1,,
0034,lecture_0034,選択,"P,A,AS,F","白石,高木",1,70,1,,
0037,lecture_0037,選択,P,"高木,白石",1,70,1,,
0039,lecture_0039,選択,A,"松田,teacher_I,田中,天空橋",1,70,1,,
0041,lecture_0041,選択,F,"gengen,青羽,高坂,水瀬",1,70,1,,
0043,lecture_0043,選択,P,伴田,1,70,1,,
0047,lecture_0047,選択,AS,"宮尾,四条,gengen",1,80,1,,
0048,lecture_0048,選択,"F,A,AS,P","高坂,如月,福田,天海",1,70,1,,
0053,lecture_0053,選択,"F,P",teacher_H,1,70,1,,
0054,lecture_0054,選択,F,"大神,豊川",1,80,1,,
0055,lecture_0055,選択,F,"徳川,三浦",1,70,1,,
0056,lecture_0056,選択,"P,A,AS","黒井,professor_G,如月",1,70,1,,
0057,lecture_0057,選択,"A,P,AS",春日,1,200,1,,
0058,lecture_0058,選択,A,"teacher_H,舞浜",1,100,1,,
0059,lecture_0059,選択,F,桜守,1,70,1,,
0062,lecture_0062,選択,"F,P,A","菊池,黒井,伴田",1,100,3,,
0063,lecture_0063,選択,AS,"佐竹,篠宮,黒井",1,70,1,,
0065,lecture_0065,選択,P,"professor_B,真壁",1,70,1,,
0066,lecture_0066,選択,"F,A,AS,P","我那覇,篠宮,真壁,最上",1,80,1,,
0067,lecture_0067,選択,"A,P,AS,F","teacher_L,所,中谷",1,80,1,,
0069,lecture_0069,選択,AS,"舞浜,徳川,横山,三浦",1,70,1,,
0070,lecture_0070,選択,F,"teacher_L,天海",1,70,1,,
0071,lecture_0071,選択,AS,"島原,福田,高木",1,80,1,,
0073,lecture_0073,選択,A,"佐竹,天海,teacher_M",1,70,1,,
0074,lecture_0074,選択,"F,AS","所,音無",1,200,1,,
0081,lecture_0081,選択,P,professor_B,1,150,1,,
0082,lecture_0082,選択,"P,A,AS,F",水瀬,1,100,1,,
0086,lecture_0086,選択,"F,P","矢吹,teacher_H",1,200,1,,
0088,lecture_0088,選択,AS,"篠宮,馬場,高槻,佐竹",1,70,1,,
0089,lecture_0089,選択,"AS,P,F","豊川,春日,周防",1,80,3,,
0090,lecture_0090,選択,"P,A,AS,F","豊川,春日,teacher_M",1,150,1,,
0092,lecture_0092,選択,"F,AS,A","百瀬,永吉,gengen,馬場",1,100,1,,
0094,lecture_0094,選択,F,"最上,professor_E",1,70,1,,
0097,lecture_0097,選択,"A,AS,P,F","七尾,三浦,我那覇",1,70,1,,
0098,lecture_0098,必須,F,"望月,伊吹",1,70,1,,
0099,lecture_0099,選択,A,"春日,舞浜",1,80,1,,
0100,lecture_0100,選択,"P,A","秋月,teacher_L,横山,星井",1,50,1,,
0103,lecture_0103,必須,"A,F,P","Stewart,箱崎",1,70,1,,
0108,lecture_0108,必須,AS,"舞浜,professor_D,佐竹,teacher_I",1,70,1,,
0111,lecture_0111,選択,A,"望月,伴田,箱崎,星井",1,70,1,,
0112,lecture_0112,選択,A,"宮尾,天空橋,teacher_I,Julia",1,80,1,,
0114,lecture_0114,選択,"AS,A,P","真壁,春日",1,70,3,,
0119,lecture_0119,選択,AS,"teacher_N,天海",1,80,1,,
0123,lecture_0123,選択,F,"桜守,徳川",1,200,1,,
0125,lecture_0125,選択,AS,"青羽,高木,我那覇",1,70,1,,
0127,lecture_0127,選択,"P,A","水瀬,teacher_H,professor_G",1,100,1,,
0130,lecture_0130,選択,F,"伴田,桜守",1,80,1,,
0133,lecture_0133,選択,"F,P","天海,所",1,100,1,,
0134,lecture_0134,選択,P,"teacher_K,野々原,音無,松田",1,200,1,,
0135,lecture_0135,選択,F,"teacher_J,我那覇,田中",1,50,1,,
0137,lecture_0137,選択,"A,AS,F",伊吹,1,80,1,,
0138,lecture_0138,選択,"F,AS,A","菊池,望月,teacher_J",1,70,1,,
0139,lecture_0139,選択,"P,F","百瀬,星井,四条,Julia",1,100,1,,
0141,lecture_0141,選択,AS,"矢吹,高坂,professor_A",1,70,1,,
0142,lecture_0142,選択,F,馬場,1,50,1,,
0144,lecture_0144,選択,"AS,P,A","北上,黒井",1,50,1,,
0145,lecture_0145,選択,F,"周防,野々原",1,70,1,,
0147,lecture_0147,選択,"A,F","横山,天海,高木",1,70,1,,
0148,lecture_0148,選択,"F,P,A","箱崎,professor_G",1,70,3,,
0149,lecture_0149,選択,P,"舞浜,福田,四条,teacher_K",1,70,1,,
0151,lecture_0151,必須,AS,gengen,1,70,3,,
0153,lecture_0153,選択,F,"三浦,松田",1,80,1,,
0154,lecture_0154,選択,P,teacher_K,1,70,1,,
0155,lecture_0155,選択,"P,AS","三浦,馬場",1,70,1,,
0158,lecture_0158,選択,F,Julia,1,80,1,,
0159,lecture_0159,必須,"F,AS,A,P","篠宮,双海,箱崎,伴田",3,300,1,,
0160,lecture_0160,選択,"P,F,A,AS","最上,菊池,如月",1,80,1,,
0161,lecture_0161,選択,"P,AS,F","矢吹,水瀬,星井",1,50,1,,
0166,lecture_0166,選択,AS,"徳川,福田",1,300,1,,
0168,lecture_0168,選択,F,"teacher_K,篠宮,伴田,gengen",1,100,1,,
0169,lecture_0169,選択,F,professor_A,1,100,1,E号館_007,
0171,lecture_0171,選択,P,"秋月,professor_D,teacher_I,professor_E",1,70,1,,
0172,lecture_0172,選択,F,"高木,teacher_J,大神",1,70,1,,
0173,lecture_0173,選択,A,福田,1,200,1,,
0175,lecture_0175,必須,"AS,F",Stewart,1,100,1,,
0177,lecture_0177,選択,P,"professor_E,木下,如月",1,70,1,,
0179,lecture_0179,必須,AS,"北上,所",1,70,1,,
0181,lecture_0181,必須,P,"天空橋,黒井",1,70,1,,
0182,lecture_0182,必須,A,teacher_K,1,100,1,,
0184,lecture_0184,選択,A,"Stewart,北沢",1,70,1,,
0185,lecture_0185,選択,F,"秋月,professor_A",1,70,1,,
0188,lecture_0188,選択,AS,"菊池,高木,百瀬",1,70,1,,
0189,lecture_0189,選択,"F,P","篠宮,teacher_H,北上,Stewart",1,70,1,,
0190,lecture_0190,選択,AS,"音無,篠宮,秋月,徳川",1,70,1,,
0192,lecture_0192,選択,F,"teacher_J,我那覇",1,80,1,,
0196,lecture_0196,必須,P,"青羽,徳川,音無",1,70,1,,
0198,lecture_0198,選択,"AS,F,A","伊吹,徳川,我那覇",1,70,1,,
0199,lecture_0199,選択,A,"舞浜,宮尾",1,50,1,,
0200,lecture_0200,選択,"AS,A,P,F","gengen,豊川,北沢,水瀬",1,70,1,,
0206,lecture_0206,選択,A,"水瀬,professor_D",1,80,1,,
0207,lecture_0207,選択,"F,P,A",百瀬,1,70,1,,
0213,lecture_0213,選択,F,"二階堂,野々原,我那覇",1,70,1,,
0214,lecture_0214,選択,"AS,P,F,A","桜守,professor_B",1,70,1,,
0216,lecture_0216,選択,A,"松田,双海,teacher_M,福田",1,100,1,,
0223,lecture_0223,必須,"P,A,F","星井,野々原,teacher_J,周防",1,70,1,,
0227,lecture_0227,必須,F,professor_E,2,70,1,,
0228,lecture_0228,必須,"AS,F,P","professor_E,田中,水瀬",2,70,1,,
0229,lecture_0229,選択,A,伊吹,1,70,1,,
0233,lecture_0233,選択,"AS,P,F,A","Julia,professor_E",1,50,1,,
0235,lecture_0235,選択,"AS,F,P,A","舞浜,三浦,我那覇",1,70,1,,
0237,lecture_0237,選択,F,"双海,professor_G,望月,teacher_M",2,80,1,,
0238,lecture_0238,選択,"P,A","福田,天空橋,professor_G,professor_D",1,70,1,,
0240,lecture_0240,必須,F,"舞浜,篠宮,黒井,永吉",1,100,1,,
0241,lecture_0241,選択,F,"professor_C,徳川",1,200,1,,
0242,lecture_0242,選択,A,"teacher_L,四条",1,80,1,,
0243,lecture_0243,選択,"A,F,P,AS","伴田,高坂",1,70,1,,
0244,lecture_0244,選択,"AS,F,A,P","野々原,天海,木下,箱崎",1,70,1,,
0245,lecture_0245,選択,F,professor_B,1,100,1,,
0247,lecture_0247,選択,A,"百瀬,北沢",1,200,1,,
0248,lecture_0248,選択,"A,AS","田中,高山,北沢,佐竹",1,70,1,,
0250,lecture_0250,選択,"F,AS,A","伊吹,teacher_L,Stewart,徳川",1,70,1,,
0251,lecture_0251,選択,P,"松田,矢吹,徳川,宮尾",1,80,1,,
0253,lecture_0253,選択,A,"Stewart,高槻,百瀬",1,80,1,,
0254,lecture_0254,選択,"F,AS,A,P",teacher_K,1,100,1,,
0255,lecture_0255,選択,"F,AS,P,A","白石,矢吹,菊池",2,80,1,,
0257,lecture_0257,選択,A,"四条,professor_F,teacher_K,professor_B",1,80,1,,
0258,lecture_0258,選択,"P,AS,A,F","秋月,松田",1,300,1,,
0259,lecture_0259,必須,"F,P","三浦,馬場,舞浜",1,80,1,,
0260,lecture_0260,選択,A,"白石,北沢",1,100,1,,
0262,lecture_0262,選択,"P,AS,F","gengen,teacher_L,野々原,teacher_J",1,80,1,,
0264,lecture_0264,選択,A,"百瀬,teacher_J",1,70,1,,
0265,lecture_0265,選択,"AS,A,P","如月,福田",2,70,1,G号館_005,
0267,lecture_0267,選択,"AS,F","高槻,professor_G",1,100,1,,
0269,lecture_0269,選択,F,"望月,二階堂,天海",2,70,1,,
0271,lecture_0271,選択,"P,F","我那覇,真壁,teacher_H,舞浜",1,80,1,,
0273,lecture_0273,選択,"F,AS",周防,1,70,1,,
0274,lecture_0274,必須,F,"最上,professor_B,大神",2,80,1,,
0276,lecture_0276,必須,AS,"二階堂,大神",2,70,1,,
0279,lecture_0279,選択,"AS,F,A,P","百瀬,teacher_H,最上",1,70,3,,
0281,lecture_0281,選択,AS,"水瀬,teacher_J",1,70,3,,
0284,lecture_0284,選択,F,"横山,黒井,水瀬,舞浜",1,70,1,,
0285,lecture_0285,選択,P,"teacher_K,professor_F,professor_D",1,80,1,,
0289,lecture_0289,選択,"AS,P,F","professor_F,豊川,北上",1,70,1,,
0290,lecture_0290,選択,P,"teacher_I,二階堂,teacher_K,天海",1,100,1,,
0297,lecture_0297,選択,P,"professor_C,professor_D,望月",1,80,3,,
0298,lecture_0298,選択,P,"professor_A,星井,professor_C",1,70,3,,
0305,lecture_0305,選択,"F,A","永吉,teacher_I,teacher_K,百瀬",1,70,1,,
0306,lecture_0306,選択,"F,A,P","大神,teacher_L",1,80,1,,
0308,lecture_0308,選択,"AS,A,F,P","teacher_H,周防,伴田,Stewart",1,70,1,,
0309,lecture_0309,選択,"F,A",二階堂,2,100,1,,
0310,lecture_0310,選択,AS,"篠宮,三浦,最上,professor_G",1,100,1,,
0312,lecture_0312,必須,F,"天空橋,音無",1,80,1,,
0313,lecture_0313,選択,A,professor_G,1,70,3,,
0315,lecture_0315,選択,AS,"秋月,高槻",1,200,1,,
0316,lecture_0316,必須,A,"teacher_K,双海,teacher_L",1,100,1,,
0317,lecture_0317,選択,"P,A,AS,F","春日,Stewart,百瀬,箱崎",1,70,1,,
0321,lecture_0321,選択,AS,"舞浜,菊池,我那覇,高槻",1,70,1,,
0324,lecture_0324,選択,"F,P","professor_A,横山",1,70,1,,
0325,lecture_0325,必須,"A,AS","我那覇,伊吹",1,70,1,,
0326,lecture_0326,選択,P,"teacher_M,teacher_H,北沢",1,70,1,,
0327,lecture_0327,選択,AS,"松田,双海",1,80,1,,
0330,lecture_0330,選択,A,"田中,七尾",1,100,1,,
0331,lecture_0331,選択,A,島原,1,100,3,,
0332,lecture_0332,必須,"A,P",北上,1,100,1,,
0333,lecture_0333,選択,P,"teacher_M,百瀬",2,70,1,,
0334,lecture_0334,選択,"AS,P,F","松田,中谷",1,300,1,,
0336,lecture_0336,必須,P,"望月,島原,松田",1,200,3,,
0337,lecture_0337,選択,F,"佐竹,北沢",1,70,1,,
0338,lecture_0338,選択,"AS,P,F,A","teacher_K,所,高槻,宮尾",1,80,1,,
0339,lecture_0339,必須,A,"萩原,teacher_M,周防,木下",2,70,1,,
0341,lecture_0341,選択,"P,A,F,AS","Julia,秋月,永吉",1,100,1,,
0343,lecture_0343,選択,AS,高槻,1,70,1,,
0345,lecture_0345,選択,"A,P,AS","七尾,春日",1,70,1,,
0347,lecture_0347,選択,P,"百瀬,七尾,菊池,伊吹",1,70,1,,
0349,lecture_0349,必須,A,"篠宮,大神,桜守",1,70,1,,
0350,lecture_0350,選択,"F,A,P","篠宮,舞浜",1,100,1,,
0352,lecture_0352,選択,F,"中谷,天海,最上,白石",1,70,1,,
0353,lecture_0353,選択,A,"professor_E,天海",1,80,1,,
0356,lecture_0356,選択,"F,P,A","teacher_I,横山,伊吹",1,70,1,,
0357,lecture_0357,必須,A,"木下,professor_E,高坂,高槻",1,100,1,,
0358,lecture_0358,選択,"A,P,AS,F","音無,豊川,二階堂,横山",1,70,1,,
0359,lecture_0359,選択,"F,A,AS,P","teacher_L,双海,professor_F",1,80,1,,
0361,lecture_0361,選択,A,"professor_C,宮尾",2,70,1,,
0362,lecture_0362,選択,A,"永吉,professor_C,中谷",1,70,1,,
0363,lecture_0363,選択,AS,"宮尾,望月",1,70,3,,
0364,lecture_0364,選択,A,"professor_D,高坂,佐竹,音無",1,80,1,,
0367,lecture_0367,選択,AS,"福田,徳川",1,100,1,,
0370,lecture_0370,選択,"A,P,AS,F","三浦,島原,真壁,professor_A",1,80,1,,
0371,lecture_0371,選択,F,"professor_C,豊川,teacher_H",2,70,1,,
0372,lecture_0372,選択,"AS,P","福田,周防",1,80,1,,
0373,lecture_0373,必須,"AS,P","teacher_M,島原,gengen",1,80,1,,
0376,lecture_0376,選択,"P,AS","最上,中谷",2,70,1,,
0378,lecture_0378,選択,P,"高山,如月",1,70,1,,
0379,lecture_0379,選択,A,"高木,teacher_N,百瀬,黒井",1,70,1,,
0381,lecture_0381,選択,AS,"professor_A,北上",1,100,1,,
0382,lecture_0382,選択,"A,F","teacher_K,如月",1,150,3,,
0383,lecture_0383,選択,"AS,F,A,P","菊池,professor_D",1,70,1,,
0384,lecture_0384,選択,F,"馬場,宮尾,professor_D,田中",1,70,1,,
0385,lecture_0385,選択,P,"中谷,徳川",1,70,1,,
0387,lecture_0387,必須,"A,AS,F","伊吹,teacher_M,青羽,professor_A",1,70,1,,
0388,lecture_0388,選択,A,"篠宮,teacher_I,豊川,teacher_K",1,300,1,,
0389,lecture_0389,選択,AS,"如月,高槻,三浦",1,100,1,,
0390,lecture_0390,選択,"A,P","中谷,黒井,天海,桜守",1,80,1,,
0393,lecture_0393,選択,AS,"teacher_I,福田,teacher_M",1,80,1,,
0395,lecture_0395,選択,"A,AS,F","徳川,福田,望月",1,70,1,,
0396,lecture_0396,選択,F,"最上,徳川,teacher_H,舞浜",1,80,1,,
0400,lecture_0400,選択,F,七尾,1,70,1,,
0401,lecture_0401,必須,AS,"木下,春日,二階堂",1,300,1,,
0404,lecture_0404,選択,"AS,P",teacher_H,1,70,1,,
0405,lecture_0405,選択,AS,"横山,二階堂",1,80,1,,
0406,lecture_0406,必須,F,"高木,高槻,professor_G",1,70,1,,
0407,lecture_0407,選択,"F,AS","北沢,真壁,三浦",1,80,1,,
0409,lecture_0409,必須,A,"七尾,二階堂",1,80,1,,
0410,lecture_0410,選択,F,"矢吹,舞浜,professor_B,teacher_N",2,100,3,,
0411,lecture_0411,選択,AS,"百瀬,島原,豊川",1,100,1,,
0412,lecture_0412,選択,AS,"白石,横山,田中",1,100,1,,
0413,lecture_0413,選択,A,"望月,伊吹,professor_G",1,100,1,,
0414,lecture_0414,選択,"P,F","Julia,春日,北沢",1,70,1,,
0415,lecture_0415,選択,A,篠宮,1,70,1,,
0418,lecture_0418,選択,P,"周防,天海,箱崎",1,70,1,,
0419,lecture_0419,選択,"P,A,F","中谷,professor_E,矢吹",1,200,1,,
0420,lecture_0420,選択,"AS,F,P","島原,周防,田中",1,100,3,,
0423,lecture_0423,選択,F,"星井,横山,春日",1,70,1,,
0425,lecture_0425,選択,P,"真壁,矢吹,星井,professor_E",2,70,1,,
0438,lecture_0438,選択,"F,A","宮尾,松田,黒井,teacher_I",1,70,1,,
0441,lecture_0441,選択,A,"中谷,百瀬",1,70,1,,
0443,lecture_0443,選択,"F,P","professor_D,木下",2,100,3,,
0444,lecture_0444,選択,AS,"professor_G,teacher_K",1,70,1,,
0445,lecture_0445,選択,A,"青羽,天空橋,professor_D",1,70,1,,
0448,lecture_0448,選択,A,"百瀬,我那覇",1,70,1,,
0450,lecture_0450,選択,A,"teacher_L,伊吹",2,100,1,,
0451,lecture_0451,選択,F,"豊川,篠宮,teacher_M",1,70,1,,
0453,lecture_0453,選択,F,"伊吹,四条",1,80,1,,
0454,lecture_0454,選択,"P,AS,A","萩原,北沢",1,70,1,,
0458,lecture_0458,選択,"A,P,AS",高坂,1,70,1,,
0460,lecture_0460,選択,A,"teacher_N,福田,professor_A,中谷",1,70,1,,
0461,lecture_0461,選択,P,星井,1,70,1,,
0462,lecture_0462,必須,P,"Julia,七尾",1,80,1,,
0464,lecture_0464,選択,AS,"teacher_L,gengen,professor_B,四条",1,80,1,,
0465,lecture_0465,選択,F,"天海,周防,四条",1,70,1,,
0466,lecture_0466,選択,P,"永吉,teacher_H",1,70,1,,
0468,lecture_0468,選択,F,舞浜,1,70,1,,
0470,lecture_0470,選択,F,professor_C,1,70,1,,
0475,lecture_0475,選択,"P,A","teacher_N,北沢,馬場",1,70,1,,
0476,lecture_0476,選択,F,青羽,1,70,1,,
0477,lecture_0477,必須,"P,AS,A,F","二階堂,高槻",1,80,1,,
0478,lecture_0478,選択,"P,F","白石,黒井,永吉",1,80,1,,
0479,lecture_0479,選択,"F,A,P,AS",福田,1,70,1,,
0482,lecture_0482,必須,AS,"春日,箱崎,福田,青羽",1,70,3,,
0483,lecture_0483,選択,A,"teacher_H,田中,双海,豊川",1,70,1,,
0486,lecture_0486,必須,"F,P","徳川,teacher_L,professor_D,teacher_K",1,80,1,,
0488,lecture_0488,選択,F,"teacher_I,秋月,最上",1,100,1,,
0491,lecture_0491,選択,F,箱崎,2,80,1,,
0493,lecture_0493,選択,F,"木下,高山,伊吹",1,70,1,,
0494,lecture_0494,選択,F,"白石,伊吹",1,200,1,,
0496,lecture_0496,選択,F,菊池,1,70,1,,
0498,lecture_0498,選択,AS,"桜守,永吉,伴田",1,80,1,,
